StartDate,EndDate,Status,IPAddress,Progress,Duration (in seconds),Finished,RecordedDate,ResponseId,RecipientLastName,RecipientFirstName,RecipientEmail,ExternalReference,LocationLatitude,LocationLongitude,DistributionChannel,UserLanguage,Coder ID,Post ID,Attribution Presence,Number Attributions,Attribution1,Attribution2,Attribution3,Attribution4,Attribution5,Attribution6,Attribution7,AttributionOther
Start Date,End Date,Response Type,IP Address,Progress,Duration (in seconds),Finished,Recorded Date,Response ID,Recipient Last Name,Recipient First Name,Recipient Email,External Data Reference,Location Latitude,Location Longitude,Distribution Channel,User Language,Coder ID,Please insert the post ID [type a whole number],Does the post include any responsibility attributions?,How many responsibility attributions are in the post? [type a whole number],Copy the first responsibility attribution,Copy the second responsibility attribution,Copy the third responsibility attribution,Copy the fourth responsibility attribution,Copy the fifth responsibility attribution,Copy the sixth responsibility attribution,Copy the seventh responsibility attribution,Copy all remaining responsibility attributions
"{""ImportId"":""startDate"",""timeZone"":""Africa/Bangui""}","{""ImportId"":""endDate"",""timeZone"":""Africa/Bangui""}","{""ImportId"":""status""}","{""ImportId"":""ipAddress""}","{""ImportId"":""progress""}","{""ImportId"":""duration""}","{""ImportId"":""finished""}","{""ImportId"":""recordedDate"",""timeZone"":""Africa/Bangui""}","{""ImportId"":""_recordId""}","{""ImportId"":""recipientLastName""}","{""ImportId"":""recipientFirstName""}","{""ImportId"":""recipientEmail""}","{""ImportId"":""externalDataReference""}","{""ImportId"":""locationLatitude""}","{""ImportId"":""locationLongitude""}","{""ImportId"":""distributionChannel""}","{""ImportId"":""userLanguage""}","{""ImportId"":""QID17""}","{""ImportId"":""QID6_TEXT""}","{""ImportId"":""QID7""}","{""ImportId"":""QID8_TEXT""}","{""ImportId"":""QID9_TEXT""}","{""ImportId"":""QID10_TEXT""}","{""ImportId"":""QID11_TEXT""}","{""ImportId"":""QID12_TEXT""}","{""ImportId"":""QID13_TEXT""}","{""ImportId"":""QID14_TEXT""}","{""ImportId"":""QID15_TEXT""}","{""ImportId"":""QID16_TEXT""}"
2025-04-20 08:47:31,2025-04-20 08:50:17,IP Address,217.117.235.2,100,165,True,2025-04-20 08:50:17,R_2UF33w9nyFj9D0J,,,,,52.3385,4.9168,anonymous,EN,Francesco,51,No,,,,,,,,,
2025-04-20 08:50:19,2025-04-20 08:50:29,IP Address,217.117.235.2,100,10,True,2025-04-20 08:50:29,R_2flSg8o4uyLHrlT,,,,,52.3385,4.9168,anonymous,EN,Francesco,52,No,,,,,,,,,
2025-04-20 08:50:30,2025-04-20 08:51:46,IP Address,217.117.235.2,100,75,True,2025-04-20 08:51:46,R_8ohHLV9DYy6kmw3,,,,,52.3385,4.9168,anonymous,EN,Francesco,53,No,,,,,,,,,
2025-04-20 08:51:48,2025-04-20 08:54:16,IP Address,217.117.235.2,100,147,True,2025-04-20 08:54:16,R_2Ctx4GeBMy88aAN,,,,,52.3385,4.9168,anonymous,EN,Francesco,54,No,,,,,,,,,
2025-04-20 08:54:18,2025-04-20 08:55:15,IP Address,217.117.235.2,100,57,True,2025-04-20 08:55:15,R_8ewy9JF6jd3s9Nk,,,,,52.3385,4.9168,anonymous,EN,Francesco,55,No,,,,,,,,,
2025-04-20 08:55:16,2025-04-20 08:57:52,IP Address,217.117.235.2,100,155,True,2025-04-20 08:57:52,R_8rC2Za5EO8CEEjn,,,,,52.3385,4.9168,anonymous,EN,Francesco,56,No,,,,,,,,,
2025-04-20 08:57:53,2025-04-20 09:01:47,IP Address,217.117.235.2,100,234,True,2025-04-20 09:01:48,R_8PLkVsTZUmbMOAx,,,,,52.3385,4.9168,anonymous,EN,Francesco,57,No,,,,,,,,,
2025-04-20 09:01:50,2025-04-20 09:03:34,IP Address,217.117.235.2,100,104,True,2025-04-20 09:03:34,R_20sZuYpt17cWn9T,,,,,52.3385,4.9168,anonymous,EN,Francesco,58,No,,,,,,,,,
2025-04-20 09:03:35,2025-04-20 09:04:12,IP Address,217.117.235.2,100,36,True,2025-04-20 09:04:12,R_8sjBjxUYKWeDIYZ,,,,,52.3385,4.9168,anonymous,EN,Francesco,59,No,,,,,,,,,
2025-04-20 09:04:13,2025-04-20 09:05:39,IP Address,217.117.235.2,100,86,True,2025-04-20 09:05:39,R_8ilcIt0LAzBKHgI,,,,,52.3385,4.9168,anonymous,EN,Francesco,60,No,,,,,,,,,
2025-04-20 09:05:41,2025-04-20 09:06:07,IP Address,217.117.235.2,100,26,True,2025-04-20 09:06:07,R_2YFcZTpEQsiy0Lo,,,,,52.3385,4.9168,anonymous,EN,Francesco,61,No,,,,,,,,,
2025-04-20 09:06:08,2025-04-20 09:07:38,IP Address,217.117.235.2,100,90,True,2025-04-20 09:07:39,R_22DLbsIrEPI7SfX,,,,,52.3385,4.9168,anonymous,EN,Francesco,62,No,,,,,,,,,
2025-04-20 09:07:40,2025-04-20 09:08:16,IP Address,217.117.235.2,100,35,True,2025-04-20 09:08:16,R_8gp55Oy0d42l2ac,,,,,52.3385,4.9168,anonymous,EN,Francesco,63,No,,,,,,,,,
2025-04-20 09:08:17,2025-04-20 09:08:46,IP Address,217.117.235.2,100,28,True,2025-04-20 09:08:46,R_8xyE64JSRwEFZYT,,,,,52.3385,4.9168,anonymous,EN,Francesco,64,No,,,,,,,,,
2025-04-20 09:08:48,2025-04-20 09:12:42,IP Address,217.117.235.2,100,234,True,2025-04-20 09:12:42,R_8LhiUmi2QqbCnhe,,,,,52.3385,4.9168,anonymous,EN,Francesco,65,Yes,2,the FBI was determined to use it anyway to damage Trump,the FBI was determined to use it anyway... to perpetrate a fraud on the court to spy on the Trump campaign,,,,,,
2025-04-20 09:12:44,2025-04-20 09:14:51,IP Address,217.117.235.2,100,127,True,2025-04-20 09:14:51,R_8F4dcjWhP2WrRZL,,,,,52.3385,4.9168,anonymous,EN,Francesco,66,Yes,1,"It was Fusion GPS that hired Steele to write the phony &, discredited Dossier, paid for by Crooked Hillary &, the DNC....",,,,,,,
2025-04-20 09:14:53,2025-04-20 09:16:46,IP Address,217.117.235.2,100,113,True,2025-04-20 09:16:46,R_8lrJc4YVH1XD0Ub,,,,,52.3385,4.9168,anonymous,EN,Francesco,67,No,,,,,,,,,
2025-04-20 09:16:48,2025-04-20 09:23:56,IP Address,217.117.235.2,100,428,True,2025-04-20 09:23:56,R_8ksA8bPqDUZ27AZ,,,,,52.3385,4.9168,anonymous,EN,Francesco,68,No,,,,,,,,,
2025-04-20 09:23:58,2025-04-20 09:25:50,IP Address,217.117.235.2,100,112,True,2025-04-20 09:25:50,R_8oAdDdrvDMeoZJz,,,,,52.3385,4.9168,anonymous,EN,Francesco,69,No,,,,,,,,,
2025-04-20 09:25:51,2025-04-20 09:26:10,IP Address,217.117.235.2,100,18,True,2025-04-20 09:26:10,R_8FMdP037Rbgdd1D,,,,,52.3385,4.9168,anonymous,EN,Francesco,70,No,,,,,,,,,
2025-04-20 09:26:11,2025-04-20 09:29:14,IP Address,217.117.235.2,100,183,True,2025-04-20 09:29:15,R_2TQwhh6g60b24GR,,,,,52.3385,4.9168,anonymous,EN,Francesco,71,No,,,,,,,,,
2025-04-20 09:29:16,2025-04-20 09:31:56,IP Address,217.117.235.2,100,159,True,2025-04-20 09:31:56,R_8fHSrfIx6MB185q,,,,,52.3385,4.9168,anonymous,EN,Francesco,72,No,,,,,,,,,
2025-04-20 09:31:58,2025-04-20 09:37:25,IP Address,217.117.235.2,100,327,True,2025-04-20 09:37:25,R_8KFbttVwqVyA9gJ,,,,,52.3385,4.9168,anonymous,EN,Francesco,73,No,,,,,,,,,
2025-04-20 09:37:26,2025-04-20 09:39:44,IP Address,217.117.235.2,100,138,True,2025-04-20 09:39:45,R_8ZVOhPz4znFTDHP,,,,,52.3385,4.9168,anonymous,EN,Francesco,74,No,,,,,,,,,
2025-04-20 09:39:45,2025-04-20 09:48:32,IP Address,217.117.235.2,100,526,True,2025-04-20 09:48:32,R_8giX7AwxKnsDiaR,,,,,52.3385,4.9168,anonymous,EN,Francesco,75,No,,,,,,,,,
2025-04-20 09:48:34,2025-04-20 09:49:02,IP Address,217.117.235.2,100,28,True,2025-04-20 09:49:03,R_2pPWbWoVHYQv9Np,,,,,52.3385,4.9168,anonymous,EN,Francesco,76,No,,,,,,,,,
2025-04-20 09:49:03,2025-04-20 09:57:11,IP Address,217.117.235.2,100,487,True,2025-04-20 09:57:12,R_2OSbBOsW2tmR13X,,,,,52.3385,4.9168,anonymous,EN,Francesco,77,Yes,3,"the Democrats make up a phony crime, Collusion with the Russians, pay a fortune to make the crime sound real...",the Democrats... illegally leak (Comey) classified information so that a Special Councel will be appointed,the Democrats... then Collude to make this pile of garbage take on life in Fake News!,,,,,
2025-04-20 09:57:13,2025-04-20 09:59:02,IP Address,217.117.235.2,100,109,True,2025-04-20 09:59:03,R_85uuIU2qFCMQtq7,,,,,52.3385,4.9168,anonymous,EN,Francesco,78,No,,,,,,,,,
2025-04-20 09:59:04,2025-04-20 09:59:39,IP Address,217.117.235.2,100,34,True,2025-04-20 09:59:39,R_8pWAIF04YvIB7Ed,,,,,52.3385,4.9168,anonymous,EN,Francesco,79,No,,,,,,,,,
2025-04-20 09:59:41,2025-04-20 10:19:32,IP Address,217.117.235.2,100,1191,True,2025-04-20 10:19:33,R_81b7D2YHlzlEi0N,,,,,52.3385,4.9168,anonymous,EN,Francesco,80,No,,,,,,,,,
2025-04-20 10:19:34,2025-04-20 10:21:07,IP Address,217.117.235.2,100,92,True,2025-04-20 10:21:07,R_2Vk0gmdAGkzbvlR,,,,,52.3385,4.9168,anonymous,EN,Francesco,81,No,,,,,,,,,
2025-04-20 10:21:08,2025-04-20 10:22:33,IP Address,217.117.235.2,100,84,True,2025-04-20 10:22:33,R_8AXsH69xC3oIxW4,,,,,52.3385,4.9168,anonymous,EN,Francesco,82,No,,,,,,,,,
2025-04-20 10:22:34,2025-04-20 10:23:55,IP Address,217.117.235.2,100,81,True,2025-04-20 10:23:56,R_8RWZC49TnSQyTmq,,,,,52.3385,4.9168,anonymous,EN,Francesco,83,No,,,,,,,,,
2025-04-20 10:23:57,2025-04-20 10:25:03,IP Address,217.117.235.2,100,65,True,2025-04-20 10:25:03,R_2PLUxE8NpdvKYQR,,,,,52.3385,4.9168,anonymous,EN,Francesco,84,No,,,,,,,,,
2025-04-20 10:25:04,2025-04-20 10:27:12,IP Address,217.117.235.2,100,127,True,2025-04-20 10:27:12,R_2LGW5pe9PrDQ17H,,,,,52.3385,4.9168,anonymous,EN,Francesco,85,Yes,1,We want to further strengthen this trade relationship to the benefit of all American and European citizens,,,,,,,
2025-04-20 10:27:13,2025-04-20 10:30:14,IP Address,217.117.235.2,100,180,True,2025-04-20 10:30:15,R_834l223I5iVrP0z,,,,,52.3385,4.9168,anonymous,EN,Francesco,86,No,,,,,,,,,
2025-04-20 10:30:16,2025-04-20 10:30:52,IP Address,217.117.235.2,100,35,True,2025-04-20 10:30:52,R_8aeQp12VLYFdgCR,,,,,52.3385,4.9168,anonymous,EN,Francesco,87,No,,,,,,,,,
2025-04-20 10:30:53,2025-04-20 10:33:12,IP Address,217.117.235.2,100,138,True,2025-04-20 10:33:12,R_8wUjda0i6ZtVtdf,,,,,52.3385,4.9168,anonymous,EN,Francesco,88,No,,,,,,,,,
2025-04-20 10:33:13,2025-04-20 10:34:02,IP Address,217.117.235.2,100,49,True,2025-04-20 10:34:03,R_2KSKfYy0xQGrl2V,,,,,52.3385,4.9168,anonymous,EN,Francesco,89,No,,,,,,,,,
2025-04-20 10:34:04,2025-04-20 10:39:23,IP Address,217.117.235.2,100,319,True,2025-04-20 10:39:24,R_2dHUGj4lOcHtj8d,,,,,52.3385,4.9168,anonymous,EN,Francesco,90,No,,,,,,,,,
2025-04-20 10:39:25,2025-04-20 10:41:21,IP Address,217.117.235.2,100,115,True,2025-04-20 10:41:21,R_8997RwdE2uM6djP,,,,,52.3385,4.9168,anonymous,EN,Francesco,91,No,,,,,,,,,
2025-04-20 10:41:24,2025-04-20 10:43:45,IP Address,217.117.235.2,100,141,True,2025-04-20 10:43:46,R_2F3AFMiL5rCCE5w,,,,,52.3385,4.9168,anonymous,EN,Francesco,92,No,,,,,,,,,
2025-04-20 10:43:47,2025-04-20 10:50:14,IP Address,217.117.235.2,100,387,True,2025-04-20 10:50:15,R_8D2yDc2Wadrg0y8,,,,,52.3385,4.9168,anonymous,EN,Francesco,93,No,,,,,,,,,
2025-04-20 10:50:16,2025-04-20 11:09:37,IP Address,217.117.235.2,100,1160,True,2025-04-20 11:09:37,R_8rQ3PqetMGsLjUJ,,,,,52.3385,4.9168,anonymous,EN,Francesco,94,No,,,,,,,,,
2025-04-20 11:09:38,2025-04-20 11:12:50,IP Address,217.117.235.2,100,191,True,2025-04-20 11:12:50,R_2OjyCVrcCHHwKjq,,,,,52.3385,4.9168,anonymous,EN,Francesco,95,No,,,,,,,,,
2025-04-20 11:12:51,2025-04-20 11:14:05,IP Address,217.117.235.2,100,73,True,2025-04-20 11:14:05,R_8LAQXBUaigOmCcT,,,,,52.3385,4.9168,anonymous,EN,Francesco,96,No,,,,,,,,,
2025-04-20 11:14:12,2025-04-20 11:14:50,IP Address,217.117.235.2,100,37,True,2025-04-20 11:14:50,R_8qUQ9lJM0TIgvHD,,,,,52.3385,4.9168,anonymous,EN,Francesco,97,No,,,,,,,,,
2025-04-20 11:14:51,2025-04-20 11:15:12,IP Address,217.117.235.2,100,20,True,2025-04-20 11:15:12,R_8P6nmzHVWJ7OWj6,,,,,52.3385,4.9168,anonymous,EN,Francesco,98,No,,,,,,,,,
2025-04-20 11:15:55,2025-04-20 11:16:40,IP Address,217.117.235.2,100,44,True,2025-04-20 11:16:41,R_2rNjvnfPPNsP1P9,,,,,52.3385,4.9168,anonymous,EN,Francesco,99,No,,,,,,,,,
2025-04-20 11:16:41,2025-04-20 11:17:40,IP Address,217.117.235.2,100,58,True,2025-04-20 11:17:41,R_88FGUpzmDoAhaP0,,,,,52.3385,4.9168,anonymous,EN,Francesco,100,No,,,,,,,,,
2025-04-20 12:56:17,2025-04-20 12:58:35,IP Address,217.117.235.2,100,138,True,2025-04-20 12:58:35,R_8Y4OKE8WejW1tPb,,,,,52.3385,4.9168,anonymous,EN,Francesco,101,No,,,,,,,,,
2025-04-20 12:58:37,2025-04-20 12:59:01,IP Address,217.117.235.2,100,24,True,2025-04-20 12:59:02,R_8HAqs3u5qs7JJiU,,,,,52.3385,4.9168,anonymous,EN,Francesco,102,No,,,,,,,,,
2025-04-20 12:59:03,2025-04-20 12:59:56,IP Address,217.117.235.2,100,52,True,2025-04-20 12:59:56,R_2qUJfHxTmgwzaTs,,,,,52.3385,4.9168,anonymous,EN,Francesco,103,No,,,,,,,,,
2025-04-20 12:59:58,2025-04-20 13:01:07,IP Address,217.117.235.2,100,69,True,2025-04-20 13:01:08,R_8e9cP66LrFs5zRW,,,,,52.3385,4.9168,anonymous,EN,Francesco,104,No,,,,,,,,,
2025-04-20 13:01:08,2025-04-20 13:02:05,IP Address,217.117.235.2,100,56,True,2025-04-20 13:02:05,R_8JQKJzLFXKgVN4a,,,,,52.3385,4.9168,anonymous,EN,Francesco,105,No,,,,,,,,,
2025-04-20 13:02:07,2025-04-20 13:02:28,IP Address,217.117.235.2,100,21,True,2025-04-20 13:02:28,R_2xJlo2eBZfH5ibr,,,,,52.3385,4.9168,anonymous,EN,Francesco,106,No,,,,,,,,,
2025-04-20 13:02:30,2025-04-20 13:04:09,IP Address,217.117.235.2,100,99,True,2025-04-20 13:04:10,R_832hJegdJQ74CH4,,,,,52.3385,4.9168,anonymous,EN,Francesco,107,No,,,,,,,,,
2025-04-20 13:04:11,2025-04-20 13:04:44,IP Address,217.117.235.2,100,33,True,2025-04-20 13:04:44,R_27cYaMKrXJ2CZYn,,,,,52.3385,4.9168,anonymous,EN,Francesco,108,No,,,,,,,,,
2025-04-20 13:04:45,2025-04-20 13:05:45,IP Address,217.117.235.2,100,60,True,2025-04-20 13:05:46,R_8gGEwpkxMfik5AL,,,,,52.3385,4.9168,anonymous,EN,Francesco,109,No,,,,,,,,,
2025-04-20 13:05:46,2025-04-20 13:10:23,IP Address,217.117.235.2,100,276,True,2025-04-20 13:10:23,R_2fdQ0MSSPpAxeuZ,,,,,52.3385,4.9168,anonymous,EN,Francesco,110,Yes,1,"if countries are still unwilling to negotiate, they will pay us vast sums of money in the form of Tariffs",,,,,,,
2025-04-20 13:10:25,2025-04-20 13:11:16,IP Address,217.117.235.2,100,51,True,2025-04-20 13:11:17,R_80P1yioQIea7SfO,,,,,52.3385,4.9168,anonymous,EN,Francesco,111,No,,,,,,,,,
2025-04-20 13:11:18,2025-04-20 13:12:05,IP Address,217.117.235.2,100,47,True,2025-04-20 13:12:05,R_2Tv49akSakNZnrl,,,,,52.3385,4.9168,anonymous,EN,Francesco,112,No,,,,,,,,,
2025-04-20 13:12:06,2025-04-20 13:16:36,IP Address,217.117.235.2,100,269,True,2025-04-20 13:16:36,R_2wnfDoPGJzoFddv,,,,,52.3385,4.9168,anonymous,EN,Francesco,113,Yes,1,"Many Democrats are deeply concerned about the fact that their “leadership” wants to denounce and abandon the great men and women of ICE, thereby declaring war on Law and Order",,,,,,,
2025-04-20 13:16:39,2025-04-20 13:18:01,IP Address,217.117.235.2,100,82,True,2025-04-20 13:18:01,R_8QhZyzSTObiLZvY,,,,,52.3385,4.9168,anonymous,EN,Francesco,114,No,,,,,,,,,
2025-04-20 13:18:03,2025-04-20 13:18:28,IP Address,217.117.235.2,100,24,True,2025-04-20 13:18:29,R_8GE23F0LFn4iauD,,,,,52.3385,4.9168,anonymous,EN,Francesco,115,No,,,,,,,,,
2025-04-20 13:18:30,2025-04-20 13:19:16,IP Address,217.117.235.2,100,45,True,2025-04-20 13:19:16,R_8CNC5YgzBV7aaKf,,,,,52.3385,4.9168,anonymous,EN,Francesco,116,No,,,,,,,,,
2025-04-20 13:19:18,2025-04-20 13:20:00,IP Address,217.117.235.2,100,42,True,2025-04-20 13:20:00,R_2zMG2mENLsTCo39,,,,,52.3385,4.9168,anonymous,EN,Francesco,117,No,,,,,,,,,
2025-04-20 13:20:02,2025-04-20 13:20:22,IP Address,217.117.235.2,100,20,True,2025-04-20 13:20:23,R_2eDAGt3fGeOOlCV,,,,,52.3385,4.9168,anonymous,EN,Francesco,118,No,,,,,,,,,
2025-04-20 13:20:24,2025-04-20 13:21:46,IP Address,217.117.235.2,100,82,True,2025-04-20 13:21:47,R_2BwXXdoTGJYzQYN,,,,,52.3385,4.9168,anonymous,EN,Francesco,119,No,,,,,,,,,
2025-04-20 13:21:49,2025-04-20 13:23:13,IP Address,217.117.235.2,100,84,True,2025-04-20 13:23:13,R_8VyiYhCm3BEwvCS,,,,,52.3385,4.9168,anonymous,EN,Francesco,120,No,,,,,,,,,
2025-04-20 13:23:14,2025-04-20 13:23:33,IP Address,217.117.235.2,100,18,True,2025-04-20 13:23:33,R_8M3Y0loJbPUX7EO,,,,,52.3385,4.9168,anonymous,EN,Francesco,121,No,,,,,,,,,
2025-04-20 13:23:36,2025-04-20 13:26:59,IP Address,217.117.235.2,100,203,True,2025-04-20 13:27:00,R_80czwh7NixpSMXv,,,,,52.3385,4.9168,anonymous,EN,Francesco,122,No,,,,,,,,,
2025-04-20 13:27:01,2025-04-20 13:27:20,IP Address,217.117.235.2,100,19,True,2025-04-20 13:27:21,R_8QbBQP4MtV0j681,,,,,52.3385,4.9168,anonymous,EN,Francesco,123,No,,,,,,,,,
2025-04-20 13:27:21,2025-04-20 13:31:01,IP Address,217.117.235.2,100,219,True,2025-04-20 13:31:01,R_8kAlZjLortZX1u5,,,,,52.3385,4.9168,anonymous,EN,Francesco,124,No,,,,,,,,,
2025-04-20 13:31:02,2025-04-20 13:34:08,IP Address,217.117.235.2,100,186,True,2025-04-20 13:34:09,R_2aISoshaRtiepbP,,,,,52.3385,4.9168,anonymous,EN,Francesco,125,No,,,,,,,,,
2025-04-20 13:34:10,2025-04-20 13:35:25,IP Address,217.117.235.2,100,75,True,2025-04-20 13:35:26,R_8LT22Kq8lWWUJ45,,,,,52.3385,4.9168,anonymous,EN,Francesco,126,No,,,,,,,,,
2025-04-20 13:35:27,2025-04-20 13:37:21,IP Address,217.117.235.2,100,113,True,2025-04-20 13:37:21,R_2yde8LWcbMHL5Zv,,,,,52.3385,4.9168,anonymous,EN,Francesco,127,Yes,1,Separating families at the Border is the fault of bad legislation passed by the Democrats,,,,,,,
2025-04-20 13:37:23,2025-04-20 13:40:00,IP Address,217.117.235.2,100,157,True,2025-04-20 13:40:00,R_2pLXPXBu6lrCOqt,,,,,52.3385,4.9168,anonymous,EN,Francesco,128,No,,,,,,,,,
2025-04-20 13:40:01,2025-04-20 13:40:18,IP Address,217.117.235.2,100,16,True,2025-04-20 13:40:18,R_2k7nQdTMmviNHrV,,,,,52.3385,4.9168,anonymous,EN,Francesco,129,No,,,,,,,,,
2025-04-20 13:40:19,2025-04-20 13:40:48,IP Address,217.117.235.2,100,28,True,2025-04-20 13:40:48,R_8oEWcTVpvLCs6Sn,,,,,52.3385,4.9168,anonymous,EN,Francesco,130,No,,,,,,,,,
2025-04-20 13:40:49,2025-04-20 13:41:37,IP Address,217.117.235.2,100,48,True,2025-04-20 13:41:38,R_8U7Bf5qQDFO1vP3,,,,,52.3385,4.9168,anonymous,EN,Francesco,131,No,,,,,,,,,
2025-04-20 13:41:39,2025-04-20 13:41:59,IP Address,217.117.235.2,100,20,True,2025-04-20 13:41:59,R_8stqklmfYxfqeIN,,,,,52.3385,4.9168,anonymous,EN,Francesco,132,No,,,,,,,,,
2025-04-20 13:42:38,2025-04-20 13:43:37,IP Address,217.105.28.30,100,59,True,2025-04-20 13:43:38,R_8RVUtzLAIwJv7MQ,,,,,52.3975,4.9278,anonymous,EN,Luke,51,No,,,,,,,,,
2025-04-20 13:43:39,2025-04-20 13:43:52,IP Address,217.105.28.30,100,13,True,2025-04-20 13:43:53,R_8QlyyVMfu8WLjl7,,,,,52.3975,4.9278,anonymous,EN,Luke,52,No,,,,,,,,,
2025-04-20 13:43:55,2025-04-20 13:44:46,IP Address,217.105.28.30,100,51,True,2025-04-20 13:44:47,R_8CiTOsi5tecg1Ul,,,,,52.3975,4.9278,anonymous,EN,Luke,53,No,,,,,,,,,
2025-04-20 13:44:48,2025-04-20 13:45:11,IP Address,217.105.28.30,100,23,True,2025-04-20 13:45:11,R_8pon08z6dSGCr4Z,,,,,52.3975,4.9278,anonymous,EN,Luke,54,No,,,,,,,,,
2025-04-20 13:42:00,2025-04-20 13:45:58,IP Address,217.117.235.2,100,237,True,2025-04-20 13:45:58,R_2gi1w5Oq5T1dOLX,,,,,52.3385,4.9168,anonymous,EN,Francesco,133,No,,,,,,,,,
2025-04-20 13:45:14,2025-04-20 13:46:11,IP Address,217.105.28.30,100,57,True,2025-04-20 13:46:12,R_2jZEUb0KhSYPHDH,,,,,52.3975,4.9278,anonymous,EN,Luke,55,No,,,,,,,,,
2025-04-20 13:46:16,2025-04-20 13:46:28,IP Address,217.105.28.30,100,12,True,2025-04-20 13:46:28,R_86gxgPQWqxjxTY5,,,,,52.3975,4.9278,anonymous,EN,Luke,56,No,,,,,,,,,
2025-04-20 13:46:29,2025-04-20 13:46:56,IP Address,217.105.28.30,100,26,True,2025-04-20 13:46:56,R_2ivkLN5Q9FsBiaB,,,,,52.3975,4.9278,anonymous,EN,Luke,57,No,,,,,,,,,
2025-04-20 13:45:59,2025-04-20 13:47:09,IP Address,217.117.235.2,100,69,True,2025-04-20 13:47:09,R_2txQhmbN2d25Y2B,,,,,52.3385,4.9168,anonymous,EN,Francesco,134,No,,,,,,,,,
2025-04-20 13:47:10,2025-04-20 13:47:31,IP Address,217.117.235.2,100,21,True,2025-04-20 13:47:31,R_2pMAKsNHlSvW7m1,,,,,52.3385,4.9168,anonymous,EN,Francesco,135,No,,,,,,,,,
2025-04-20 13:46:58,2025-04-20 13:48:20,IP Address,217.105.28.30,100,82,True,2025-04-20 13:48:20,R_8iJuGIGuxX987lL,,,,,52.3975,4.9278,anonymous,EN,Luke,58,No,,,,,,,,,
2025-04-20 13:48:21,2025-04-20 13:48:34,IP Address,217.105.28.30,100,12,True,2025-04-20 13:48:34,R_8mSCYkNu7sUO6OJ,,,,,52.3975,4.9278,anonymous,EN,Luke,59,No,,,,,,,,,
2025-04-20 13:47:33,2025-04-20 13:48:39,IP Address,217.117.235.2,100,65,True,2025-04-20 13:48:39,R_2altJfR4DC1cnKs,,,,,52.3385,4.9168,anonymous,EN,Francesco,136,No,,,,,,,,,
2025-04-20 13:48:35,2025-04-20 13:49:05,IP Address,217.105.28.30,100,29,True,2025-04-20 13:49:06,R_8gT77lvlCBN2J9a,,,,,52.3975,4.9278,anonymous,EN,Luke,60,No,,,,,,,,,
2025-04-20 13:49:13,2025-04-20 13:49:26,IP Address,217.105.28.30,100,13,True,2025-04-20 13:49:27,R_81u3JsGslgotbSI,,,,,52.3975,4.9278,anonymous,EN,Luke,61,No,,,,,,,,,
2025-04-20 13:49:28,2025-04-20 13:49:43,IP Address,217.105.28.30,100,14,True,2025-04-20 13:49:43,R_8rwY3qgpwYm6d8G,,,,,52.3975,4.9278,anonymous,EN,Luke,62,No,,,,,,,,,
2025-04-20 13:49:45,2025-04-20 13:50:07,IP Address,217.105.28.30,100,21,True,2025-04-20 13:50:08,R_2iMtLJ94SGbUMnf,,,,,52.3975,4.9278,anonymous,EN,Luke,63,No,,,,,,,,,
2025-04-20 13:50:12,2025-04-20 13:50:18,IP Address,217.105.28.30,100,5,True,2025-04-20 13:50:18,R_2EoXPeiRlloewWt,,,,,52.3975,4.9278,anonymous,EN,Luke,64,No,,,,,,,,,
2025-04-20 13:51:14,2025-04-20 13:52:28,IP Address,217.105.28.30,100,74,True,2025-04-20 13:52:29,R_8IdbYVVcCf9nc0w,,,,,52.3975,4.9278,anonymous,EN,Luke,65,Yes,1," the FBI was determined to use it (the Fake Dossier) anyway to damage Trump and to perpetrate a fraud on the court to spy on the Trump campaign.",,,,,,,
2025-04-20 13:52:38,2025-04-20 13:53:07,IP Address,217.105.28.30,100,29,True,2025-04-20 13:53:08,R_2pWZojwDZEGcgnM,,,,,52.3975,4.9278,anonymous,EN,Luke,66,No,,,,,,,,,
2025-04-20 13:53:15,2025-04-20 13:53:26,IP Address,217.105.28.30,100,11,True,2025-04-20 13:53:27,R_2HT7OokGh7yv9bU,,,,,52.3975,4.9278,anonymous,EN,Luke,67,No,,,,,,,,,
2025-04-20 13:54:01,2025-04-20 13:54:18,IP Address,217.105.28.30,100,16,True,2025-04-20 13:54:18,R_8xKQyZLyBsoEXzV,,,,,52.3975,4.9278,anonymous,EN,Luke,68,No,,,,,,,,,
2025-04-20 13:54:21,2025-04-20 13:55:34,IP Address,217.105.28.30,100,72,True,2025-04-20 13:55:34,R_2o5STFiI0pJOYRR,,,,,52.3975,4.9278,anonymous,EN,Luke,69,No,,,,,,,,,
2025-04-20 13:55:36,2025-04-20 13:55:49,IP Address,217.105.28.30,100,13,True,2025-04-20 13:55:49,R_8775wKXMGO6IgbX,,,,,52.3975,4.9278,anonymous,EN,Luke,70,No,,,,,,,,,
2025-04-20 13:56:09,2025-04-20 13:56:19,IP Address,217.105.28.30,100,9,True,2025-04-20 13:56:19,R_8Bx7EqAqSLXFTkR,,,,,52.3975,4.9278,anonymous,EN,Luke,71,No,,,,,,,,,
2025-04-20 13:56:26,2025-04-20 13:56:33,IP Address,217.105.28.30,100,7,True,2025-04-20 13:56:34,R_28UHpYKSzP3KYF4,,,,,52.3975,4.9278,anonymous,EN,Luke,72,No,,,,,,,,,
2025-04-20 13:56:35,2025-04-20 13:57:08,IP Address,217.105.28.30,100,32,True,2025-04-20 13:57:08,R_2jVBeacKS8stzhg,,,,,52.3975,4.9278,anonymous,EN,Luke,73,No,,,,,,,,,
2025-04-20 13:57:10,2025-04-20 13:58:00,IP Address,217.105.28.30,100,49,True,2025-04-20 13:58:00,R_89iVEb7tzyo2x5G,,,,,52.3975,4.9278,anonymous,EN,Luke,74,No,,,,,,,,,
2025-04-20 13:58:13,2025-04-20 13:58:19,IP Address,217.105.28.30,100,6,True,2025-04-20 13:58:20,R_26B79K2vWJT8J1f,,,,,52.3975,4.9278,anonymous,EN,Luke,75,No,,,,,,,,,
2025-04-20 13:58:36,2025-04-20 13:58:41,IP Address,217.105.28.30,100,5,True,2025-04-20 13:58:41,R_2PtAGvhH3OBVIF5,,,,,52.3975,4.9278,anonymous,EN,Luke,76,No,,,,,,,,,
2025-04-20 13:49:10,2025-04-20 14:00:08,IP Address,217.117.235.2,100,657,True,2025-04-20 14:00:08,R_8QfTctFDw0qHWbT,,,,,52.3385,4.9168,anonymous,EN,Francesco,137,No,,,,,,,,,
2025-04-20 13:58:59,2025-04-20 14:00:59,IP Address,217.105.28.30,100,119,True,2025-04-20 14:00:59,R_8nqOTywELEjddrU,,,,,52.3975,4.9278,anonymous,EN,Luke,77,Yes,2,the democrats... illegally leak (Comey) classified information so that a Special Councel will be appointed,the democrats... Collude to make this pile of garbage take on life in Fake News,,,,,,
2025-04-20 14:01:01,2025-04-20 14:01:35,IP Address,217.105.28.30,100,33,True,2025-04-20 14:01:35,R_87QdypKtU7tRUMB,,,,,52.3975,4.9278,anonymous,EN,Luke,78,No,,,,,,,,,
2025-04-20 14:01:36,2025-04-20 14:02:02,IP Address,217.105.28.30,100,25,True,2025-04-20 14:02:02,R_2UIVsWUZn2O79PH,,,,,52.3975,4.9278,anonymous,EN,Luke,79,No,,,,,,,,,
2025-04-20 14:02:03,2025-04-20 14:02:31,IP Address,217.105.28.30,100,28,True,2025-04-20 14:02:32,R_8lgt8jR1JHeS1VL,,,,,52.3975,4.9278,anonymous,EN,Luke,80,No,,,,,,,,,
2025-04-20 14:02:33,2025-04-20 14:02:48,IP Address,217.105.28.30,100,15,True,2025-04-20 14:02:48,R_2qe0ZVANOhwCHww,,,,,52.3975,4.9278,anonymous,EN,Luke,81,No,,,,,,,,,
2025-04-20 14:03:17,2025-04-20 14:03:28,IP Address,217.105.28.30,100,10,True,2025-04-20 14:03:28,R_8BfYP4Nw9DhWSBE,,,,,52.3975,4.9278,anonymous,EN,Luke,82,No,,,,,,,,,
2025-04-20 14:03:55,2025-04-20 14:04:09,IP Address,217.105.28.30,100,14,True,2025-04-20 14:04:10,R_8QOaE7I4VHwNEDD,,,,,52.3975,4.9278,anonymous,EN,Luke,83,No,,,,,,,,,
2025-04-20 14:04:31,2025-04-20 14:04:37,IP Address,217.105.28.30,100,6,True,2025-04-20 14:04:38,R_81RFD7HLg4pHpfD,,,,,52.3975,4.9278,anonymous,EN,Luke,84,No,,,,,,,,,
2025-04-20 14:04:51,2025-04-20 14:05:04,IP Address,217.105.28.30,100,13,True,2025-04-20 14:05:05,R_2QZjpQQ2LI60vuN,,,,,52.3975,4.9278,anonymous,EN,Luke,85,No,,,,,,,,,
2025-04-20 14:05:37,2025-04-20 14:05:46,IP Address,217.105.28.30,100,8,True,2025-04-20 14:05:46,R_2hzsylusKYIXxcZ,,,,,52.3975,4.9278,anonymous,EN,Luke,86,No,,,,,,,,,
2025-04-20 14:05:48,2025-04-20 14:06:10,IP Address,217.105.28.30,100,21,True,2025-04-20 14:06:10,R_2G2OuhjoNJr6UNZ,,,,,52.3975,4.9278,anonymous,EN,Luke,87,No,,,,,,,,,
2025-04-20 14:06:11,2025-04-20 14:08:34,IP Address,217.105.28.30,100,142,True,2025-04-20 14:08:34,R_2QEOLr6kcDEEcLg,,,,,52.3975,4.9278,anonymous,EN,Luke,88,Yes,1,North Korea is under tremendous pressure from China because of our major trade disputes with the Chinese Government.,,,,,,,
2025-04-20 14:08:49,2025-04-20 14:08:58,IP Address,217.105.28.30,100,9,True,2025-04-20 14:08:59,R_8NQTyS7aVjyNSGl,,,,,52.3975,4.9278,anonymous,EN,Luke,89,No,,,,,,,,,
2025-04-20 14:09:00,2025-04-20 14:09:22,IP Address,217.105.28.30,100,21,True,2025-04-20 14:09:22,R_8mKJ8HTetMsxtbK,,,,,52.3975,4.9278,anonymous,EN,Luke,90,No,,,,,,,,,
2025-04-20 14:09:26,2025-04-20 14:09:37,IP Address,217.105.28.30,100,11,True,2025-04-20 14:09:37,R_8ER65lAmg88lQz9,,,,,52.3975,4.9278,anonymous,EN,Luke,91,No,,,,,,,,,
2025-04-20 14:09:59,2025-04-20 14:10:05,IP Address,217.105.28.30,100,5,True,2025-04-20 14:10:05,R_2FKwZBSvfg92riD,,,,,52.3975,4.9278,anonymous,EN,Luke,92,No,,,,,,,,,
2025-04-20 14:10:22,2025-04-20 14:10:30,IP Address,217.105.28.30,100,7,True,2025-04-20 14:10:30,R_8CyIOYouxK8DRzC,,,,,52.3975,4.9278,anonymous,EN,Luke,93,No,,,,,,,,,
2025-04-20 14:10:43,2025-04-20 14:10:58,IP Address,217.105.28.30,100,15,True,2025-04-20 14:10:59,R_8N8J9PKZ4pCxu4I,,,,,52.3975,4.9278,anonymous,EN,Luke,94,No,,,,,,,,,
2025-04-20 14:11:00,2025-04-20 14:11:15,IP Address,217.105.28.30,100,14,True,2025-04-20 14:11:15,R_8xQxV8TeBTyZEl6,,,,,52.3975,4.9278,anonymous,EN,Luke,95,No,,,,,,,,,
2025-04-20 14:11:44,2025-04-20 14:11:51,IP Address,217.105.28.30,100,7,True,2025-04-20 14:11:51,R_2P529uqF7YwNNNU,,,,,52.3975,4.9278,anonymous,EN,Luke,96,No,,,,,,,,,
2025-04-20 14:11:53,2025-04-20 14:12:05,IP Address,217.105.28.30,100,12,True,2025-04-20 14:12:05,R_22mKIv9iZ6cVSMP,,,,,52.3975,4.9278,anonymous,EN,Luke,97,No,,,,,,,,,
2025-04-20 14:12:07,2025-04-20 14:12:25,IP Address,217.105.28.30,100,17,True,2025-04-20 14:12:25,R_8BRRvwsJQHARrg6,,,,,52.3975,4.9278,anonymous,EN,Luke,98,No,,,,,,,,,
2025-04-20 14:12:34,2025-04-20 14:12:46,IP Address,217.105.28.30,100,12,True,2025-04-20 14:12:47,R_8OUcv7Ps1eB8bHd,,,,,52.3975,4.9278,anonymous,EN,Luke,99,No,,,,,,,,,
2025-04-20 14:12:58,2025-04-20 14:13:04,IP Address,217.105.28.30,100,5,True,2025-04-20 14:13:04,R_8VzbQyRDUkfWzbX,,,,,52.3975,4.9278,anonymous,EN,Luke,100,No,,,,,,,,,
2025-04-20 14:13:17,2025-04-20 14:13:24,IP Address,217.105.28.30,100,6,True,2025-04-20 14:13:24,R_8S1gVArqHVDOnUG,,,,,52.3975,4.9278,anonymous,EN,Luke,101,No,,,,,,,,,
2025-04-20 14:13:26,2025-04-20 14:19:38,IP Address,217.105.28.30,100,372,True,2025-04-20 14:19:38,R_2d5F2AGM8XZZjvU,,,,,52.3975,4.9278,anonymous,EN,Luke,102,No,,,,,,,,,
2025-04-20 14:19:40,2025-04-20 14:20:03,IP Address,217.105.28.30,100,23,True,2025-04-20 14:20:03,R_2pGSpIZgXk3bEfj,,,,,52.3975,4.9278,anonymous,EN,Luke,103,No,,,,,,,,,
2025-04-20 14:20:51,2025-04-20 14:21:33,IP Address,217.105.28.30,100,42,True,2025-04-20 14:21:33,R_82u0MiupWzpxM41,,,,,52.3975,4.9278,anonymous,EN,Luke,104,Yes,1,"Two long running, Obama era, investigations of  two very popular Republican Congressmen were brought to a well publicized charge, just ahead of the Mid-Terms, by the Jeff Sessions Justice Department. ",,,,,,,
2025-04-20 14:21:35,2025-04-20 14:22:04,IP Address,217.105.28.30,100,29,True,2025-04-20 14:22:04,R_8tsPxEgTG0uDi5T,,,,,52.3975,4.9278,anonymous,EN,Luke,105,No,,,,,,,,,
2025-04-20 14:22:53,2025-04-20 14:23:12,IP Address,217.105.28.30,100,18,True,2025-04-20 14:23:12,R_2DOaVlqfd0OLdxd,,,,,52.3975,4.9278,anonymous,EN,Luke,106,No,,,,,,,,,
2025-04-20 14:23:22,2025-04-20 14:23:39,IP Address,217.105.28.30,100,16,True,2025-04-20 14:23:39,R_8FPW2FBTZqAy0ja,,,,,52.3975,4.9278,anonymous,EN,Luke,107,No,,,,,,,,,
2025-04-20 14:23:40,2025-04-20 14:24:00,IP Address,217.105.28.30,100,19,True,2025-04-20 14:24:00,R_2D6D1EYF4Wsalxp,,,,,52.3975,4.9278,anonymous,EN,Luke,108,No,,,,,,,,,
2025-04-20 14:24:01,2025-04-20 14:24:51,IP Address,217.105.28.30,100,49,True,2025-04-20 14:24:51,R_22vCcpuzDFX1GWl,,,,,52.3975,4.9278,anonymous,EN,Luke,109,No,,,,,,,,,
2025-04-20 14:24:58,2025-04-20 14:27:25,IP Address,217.105.28.30,100,146,True,2025-04-20 14:27:25,R_2bcQX9XtZBWNTah,,,,,52.3975,4.9278,anonymous,EN,Luke,110,Yes,1,We are using them to negotiate fair trade deals [and thus] Tariffs will make our country much richer than it is today,,,,,,,
2025-04-20 14:27:26,2025-04-20 14:27:53,IP Address,217.105.28.30,100,26,True,2025-04-20 14:27:53,R_8JFoNJKImMGgjCb,,,,,52.3975,4.9278,anonymous,EN,Luke,111,No,,,,,,,,,
2025-04-20 14:27:55,2025-04-20 14:28:52,IP Address,217.105.28.30,100,57,True,2025-04-20 14:28:52,R_2QYigkn6PnC57Am,,,,,52.3975,4.9278,anonymous,EN,Luke,112,No,,,,,,,,,
2025-04-20 14:28:53,2025-04-20 14:30:07,IP Address,217.105.28.30,100,74,True,2025-04-20 14:30:08,R_2h5XwmyXVpyC3Bd,,,,,52.3975,4.9278,anonymous,EN,Luke,113,Yes,1,"Many Democrats are deeply concerned about the fact that their “leadership” wants to denounce and abandon the great men and women of ICE, thereby declaring war on Law &, Order",,,,,,,
2025-04-20 14:30:20,2025-04-20 14:30:38,IP Address,217.105.28.30,100,17,True,2025-04-20 14:30:38,R_8IZa6KO96wuykpL,,,,,52.3975,4.9278,anonymous,EN,Luke,114,No,,,,,,,,,
2025-04-20 14:30:40,2025-04-20 14:30:56,IP Address,217.105.28.30,100,16,True,2025-04-20 14:30:56,R_8i9RWtgUefcFVbq,,,,,52.3975,4.9278,anonymous,EN,Luke,115,No,,,,,,,,,
2025-04-20 14:31:02,2025-04-20 14:31:44,IP Address,217.105.28.30,100,42,True,2025-04-20 14:31:45,R_2T6d4Zt3HH1e0Fz,,,,,52.3975,4.9278,anonymous,EN,Luke,116,No,,,,,,,,,
2025-04-20 14:32:03,2025-04-20 14:32:30,IP Address,217.105.28.30,100,26,True,2025-04-20 14:32:30,R_8l1DKHCwOqnlmdb,,,,,52.3975,4.9278,anonymous,EN,Luke,117,No,,,,,,,,,
2025-04-20 14:32:39,2025-04-20 14:33:05,IP Address,217.105.28.30,100,25,True,2025-04-20 14:33:05,R_8GUfFEgeXz5NHMt,,,,,52.3975,4.9278,anonymous,EN,Luke,118,No,,,,,,,,,
2025-04-20 14:33:07,2025-04-20 14:34:26,IP Address,217.105.28.30,100,78,True,2025-04-20 14:34:26,R_8c9mCIgMhd6br69,,,,,52.3975,4.9278,anonymous,EN,Luke,119,Yes,1,"The U.S. will continue to promote #ReligiousFreedom around the world. Nations that support religious freedom are far more free, prosperous &, peaceful. Great job",,,,,,,
2025-04-20 14:34:27,2025-04-20 14:34:47,IP Address,217.105.28.30,100,19,True,2025-04-20 14:34:47,R_8LExDigKXc4Vvm9,,,,,52.3975,4.9278,anonymous,EN,Luke,120,No,,,,,,,,,
2025-04-20 14:35:54,2025-04-20 14:36:08,IP Address,217.105.28.30,100,13,True,2025-04-20 14:36:08,R_8wLrhtsL415wHWF,,,,,52.3975,4.9278,anonymous,EN,Luke,121,No,,,,,,,,,
2025-04-20 14:36:21,2025-04-20 14:36:28,IP Address,217.105.28.30,100,6,True,2025-04-20 14:36:28,R_2ogW8bMftongKhb,,,,,52.3975,4.9278,anonymous,EN,Luke,122,No,,,,,,,,,
2025-04-20 14:36:30,2025-04-20 14:37:12,IP Address,217.105.28.30,100,42,True,2025-04-20 14:37:13,R_2t9koRyaJeemL55,,,,,52.3975,4.9278,anonymous,EN,Luke,123,No,,,,,,,,,
2025-04-20 14:37:14,2025-04-20 14:37:52,IP Address,217.105.28.30,100,37,True,2025-04-20 14:37:52,R_81pJXbuZ9xydirq,,,,,52.3975,4.9278,anonymous,EN,Luke,124,No,,,,,,,,,
2025-04-20 14:37:53,2025-04-20 14:38:18,IP Address,217.105.28.30,100,24,True,2025-04-20 14:38:18,R_1DvVloiMpYSclli,,,,,52.3975,4.9278,anonymous,EN,Luke,125,No,,,,,,,,,
2025-04-20 14:38:45,2025-04-20 14:39:00,IP Address,217.105.28.30,100,14,True,2025-04-20 14:39:00,R_3K72C1uxEWN0RKl,,,,,52.3975,4.9278,anonymous,EN,Luke,126,No,,,,,,,,,
2025-04-20 14:39:14,2025-04-20 14:41:26,IP Address,217.105.28.30,100,131,True,2025-04-20 14:41:26,R_2ZEMWnUU00DRxvQ,,,,,52.3975,4.9278,anonymous,EN,Luke,127,Yes,2,Separating families at the Border is the fault of bad legislation passed by the Democrats,Border Security laws should be changed but the Dems can’t get their act together!,,,,,,
2025-04-20 14:41:32,2025-04-20 14:42:10,IP Address,217.105.28.30,100,37,True,2025-04-20 14:42:10,R_82Pk4zCiZaeans4,,,,,52.3975,4.9278,anonymous,EN,Luke,128,No,,,,,,,,,
2025-04-20 14:42:15,2025-04-20 14:42:22,IP Address,217.105.28.30,100,7,True,2025-04-20 14:42:22,R_8nTRkrLYuINUukE,,,,,52.3975,4.9278,anonymous,EN,Luke,129,No,,,,,,,,,
2025-04-20 14:42:24,2025-04-20 14:42:42,IP Address,217.105.28.30,100,18,True,2025-04-20 14:42:42,R_8TWO1QQZB233mtc,,,,,52.3975,4.9278,anonymous,EN,Luke,130,No,,,,,,,,,
2025-04-20 14:42:44,2025-04-20 14:43:05,IP Address,217.105.28.30,100,21,True,2025-04-20 14:43:05,R_8IGk0nxdTDCHCzn,,,,,52.3975,4.9278,anonymous,EN,Luke,131,No,,,,,,,,,
2025-04-20 14:43:06,2025-04-20 14:43:27,IP Address,217.105.28.30,100,21,True,2025-04-20 14:43:28,R_8g5SUfsDAUuuOSF,,,,,52.3975,4.9278,anonymous,EN,Luke,132,No,,,,,,,,,
2025-04-20 14:43:29,2025-04-20 14:44:21,IP Address,217.105.28.30,100,51,True,2025-04-20 14:44:22,R_8lQPjqj0YIs9hDX,,,,,52.3975,4.9278,anonymous,EN,Luke,133,No,,,,,,,,,
2025-04-20 14:44:23,2025-04-20 14:45:04,IP Address,217.105.28.30,100,40,True,2025-04-20 14:45:04,R_2HU2rqEO3NwWzED,,,,,52.3975,4.9278,anonymous,EN,Luke,134,No,,,,,,,,,
2025-04-20 14:45:09,2025-04-20 14:45:28,IP Address,217.105.28.30,100,19,True,2025-04-20 14:45:29,R_8XdOjQ12f6Lt1Dx,,,,,52.3975,4.9278,anonymous,EN,Luke,135,No,,,,,,,,,
2025-04-20 14:45:34,2025-04-20 14:47:20,IP Address,217.105.28.30,100,105,True,2025-04-20 14:47:21,R_2db4KcjCYXXJjUl,,,,,52.3975,4.9278,anonymous,EN,Luke,136,No,,,,,,,,,
2025-04-20 14:47:21,2025-04-20 14:48:04,IP Address,217.105.28.30,100,42,True,2025-04-20 14:48:04,R_8CHjkpkkATdbYQ3,,,,,52.3975,4.9278,anonymous,EN,Luke,137,No,,,,,,,,,
2025-04-20 14:48:05,2025-04-20 14:48:25,IP Address,217.105.28.30,100,19,True,2025-04-20 14:48:25,R_8CH6f4S09jBwcLe,,,,,52.3975,4.9278,anonymous,EN,Luke,138,No,,,,,,,,,
2025-04-20 14:48:35,2025-04-20 14:48:42,IP Address,217.105.28.30,100,6,True,2025-04-20 14:48:42,R_8tCTfMcxCJHjeEN,,,,,52.3975,4.9278,anonymous,EN,Luke,139,No,,,,,,,,,
2025-04-20 14:49:14,2025-04-20 14:51:04,IP Address,217.105.28.30,100,109,True,2025-04-20 14:51:04,R_8sdBs2UTxn0zAuI,,,,,52.3975,4.9278,anonymous,EN,Luke,140,Yes,1," I fought hard for them and ultimately they will not pay tariffs selling into the E.U.",,,,,,,
2025-04-20 14:51:16,2025-04-20 14:52:18,IP Address,217.105.28.30,100,61,True,2025-04-20 14:52:18,R_2A3umHE8QzftFlL,,,,,52.3975,4.9278,anonymous,EN,Luke,141,Yes,1,"Many good conversations with North Korea-it is going well! In the meantime, no Rocket Launches or Nuclear Testing in 8 months....If not for me, we would now be at War with North Korea!",,,,,,,
2025-04-20 14:52:22,2025-04-20 14:52:39,IP Address,217.105.28.30,100,16,True,2025-04-20 14:52:39,R_2RyVVZQokP6qLIY,,,,,52.3975,4.9278,anonymous,EN,Luke,142,No,,,,,,,,,
2025-04-20 14:52:42,2025-04-20 14:53:12,IP Address,217.105.28.30,100,29,True,2025-04-20 14:53:12,R_25RE4Bgtl6zqhhe,,,,,52.3975,4.9278,anonymous,EN,Luke,143,No,,,,,,,,,
2025-04-20 14:53:13,2025-04-20 14:53:33,IP Address,217.105.28.30,100,19,True,2025-04-20 14:53:34,R_8B40PNoEurxWcPo,,,,,52.3975,4.9278,anonymous,EN,Luke,144,No,,,,,,,,,
2025-04-20 14:53:35,2025-04-20 14:53:48,IP Address,217.105.28.30,100,13,True,2025-04-20 14:53:49,R_8PHlEACqQrBFrIR,,,,,52.3975,4.9278,anonymous,EN,Luke,145,No,,,,,,,,,
2025-04-20 14:53:50,2025-04-20 14:54:02,IP Address,217.105.28.30,100,12,True,2025-04-20 14:54:03,R_8Vky4ZpIY0949xC,,,,,52.3975,4.9278,anonymous,EN,Luke,146,No,,,,,,,,,
2025-04-20 14:54:04,2025-04-20 14:54:19,IP Address,217.105.28.30,100,15,True,2025-04-20 14:54:19,R_80iPuZH5y9D04cJ,,,,,52.3975,4.9278,anonymous,EN,Luke,147,No,,,,,,,,,
2025-04-20 14:54:21,2025-04-20 14:54:40,IP Address,217.105.28.30,100,19,True,2025-04-20 14:54:40,R_8RmhzX2KCa8ynwd,,,,,52.3975,4.9278,anonymous,EN,Luke,148,No,,,,,,,,,
2025-04-20 14:54:43,2025-04-20 14:55:51,IP Address,217.105.28.30,100,68,True,2025-04-20 14:55:52,R_2MK8Wi19BBA3yfv,,,,,52.3975,4.9278,anonymous,EN,Luke,149,Yes,1,CNN is working frantically to find their “source.” ... Whatever was left of CNN’s credibility is now gone!,,,,,,,
2025-04-20 14:55:53,2025-04-20 14:57:33,IP Address,217.105.28.30,100,100,True,2025-04-20 14:57:34,R_2qahmzUE1OxJBZF,,,,,52.3975,4.9278,anonymous,EN,Luke,150,Yes,0,,,,,,,,
2025-04-20 15:06:41,2025-04-20 15:08:10,IP Address,217.117.235.2,100,88,True,2025-04-20 15:08:10,R_8IQ5tDpfJjgp4J0,,,,,52.3385,4.9168,anonymous,EN,Francesco,138,Yes,1,I had a GREAT meeting with Putin and the Fake News used every bit of their energy to try and disparage it. So bad for our country!,,,,,,,
2025-04-20 15:08:11,2025-04-20 15:10:16,IP Address,217.117.235.2,100,125,True,2025-04-20 15:10:17,R_7xxyLsZgdG4vUxm,,,,,52.3385,4.9168,anonymous,EN,Francesco,139,Yes,1,"All of the fools that are so focused on looking only at Russia should start also looking in another direction, China... if we are smart, tough and well prepared, we will get along with everyone!",,,,,,,
2025-04-20 15:10:18,2025-04-20 15:12:12,IP Address,217.117.235.2,100,113,True,2025-04-20 15:12:12,R_5syE83Nf3JnpPah,,,,,52.3385,4.9168,anonymous,EN,Francesco,140,Yes,1,"Surprised that Harley-Davidson, of all companies, would be the first to wave the White Flag... they will not pay tariffs selling into the E.U., which has hurt us badly on trade, down $151 Billion.",,,,,,,
2025-04-20 15:12:53,2025-04-20 15:13:24,IP Address,89.98.163.147,100,31,True,2025-04-20 15:13:25,R_8JxiOORCI75RAng,,,,,52.3672,4.918,anonymous,EN,Ada,51,No,,,,,,,,,
2025-04-20 15:13:26,2025-04-20 15:13:49,IP Address,89.98.163.147,100,23,True,2025-04-20 15:13:50,R_8Cjlvyi2MonJQ9l,,,,,52.3672,4.918,anonymous,EN,Ada,52,No,,,,,,,,,
2025-04-20 15:12:14,2025-04-20 15:14:37,IP Address,217.117.235.2,100,142,True,2025-04-20 15:14:37,R_8eMueQXohP86NLX,,,,,52.3385,4.9168,anonymous,EN,Francesco,141,Yes,2,"Many good conversations with North Korea-it is going well! In the meantime, no Rocket Launches or Nuclear Testing in 8 months. All of Asia is thrilled.","If not for me, we would now be at War with North Korea!",,,,,,
2025-04-20 15:14:38,2025-04-20 15:15:52,IP Address,217.117.235.2,100,73,True,2025-04-20 15:15:52,R_27KgYfgkG5juMHH,,,,,52.3385,4.9168,anonymous,EN,Francesco,142,No,,,,,,,,,
2025-04-20 15:15:53,2025-04-20 15:16:43,IP Address,217.117.235.2,100,49,True,2025-04-20 15:16:43,R_2x0iamljaI5pMZ3,,,,,52.3385,4.9168,anonymous,EN,Francesco,143,No,,,,,,,,,
2025-04-20 15:16:44,2025-04-20 15:18:17,IP Address,217.117.235.2,100,93,True,2025-04-20 15:18:18,R_8zAtXEFL55kDsG4,,,,,52.3385,4.9168,anonymous,EN,Francesco,`144,No,,,,,,,,,
2025-04-20 15:18:18,2025-04-20 15:18:34,IP Address,217.117.235.2,100,15,True,2025-04-20 15:18:34,R_8SQRYCh02LR1pSN,,,,,52.3385,4.9168,anonymous,EN,Francesco,145,No,,,,,,,,,
2025-04-20 15:18:36,2025-04-20 15:19:12,IP Address,217.117.235.2,100,36,True,2025-04-20 15:19:12,R_8duqu0ITAjXVDRn,,,,,52.3385,4.9168,anonymous,EN,Francesco,146,No,,,,,,,,,
2025-04-20 15:19:13,2025-04-20 15:19:39,IP Address,217.117.235.2,100,26,True,2025-04-20 15:19:40,R_8PH2YO4CHTySKIg,,,,,52.3385,4.9168,anonymous,EN,Francesco,147,No,,,,,,,,,
2025-04-20 15:19:41,2025-04-20 15:21:16,IP Address,217.117.235.2,100,94,True,2025-04-20 15:21:16,R_8k4zZ2A8K9kYnZ7,,,,,52.3385,4.9168,anonymous,EN,Francesco,148,No,,,,,,,,,
2025-04-20 15:21:17,2025-04-20 15:22:43,IP Address,217.117.235.2,100,85,True,2025-04-20 15:22:43,R_8gqiZ7q0MuwFWGU,,,,,52.3385,4.9168,anonymous,EN,Francesco,149,Yes,1,CNN is working frantically to find their “source.” Look hard because it doesn’t exist. Whatever was left of CNN’s credibility is now gone!,,,,,,,
2025-04-20 15:22:45,2025-04-20 15:24:09,IP Address,217.117.235.2,100,83,True,2025-04-20 15:24:09,R_8EOEB6LPCxDhxdv,,,,,52.3385,4.9168,anonymous,EN,Francesco,150,No,,,,,,,,,
2025-04-20 15:13:51,2025-04-20 15:49:36,IP Address,89.98.163.147,100,2144,True,2025-04-20 15:49:36,R_81aVJXhqiXf7DFs,,,,,52.3672,4.918,anonymous,EN,Ada,53,Yes,1,"China has openly stated that they are actively trying to impact and change our election by attacking our farmers, ranchers and industrial workers because of their loyalty to me.",,,,,,,
2025-04-20 15:49:38,2025-04-20 15:49:54,IP Address,89.98.163.147,100,15,True,2025-04-20 15:49:54,R_5iLm7R72qxLMBaW,,,,,52.3672,4.918,anonymous,EN,Ada,54,No,,,,,,,,,
2025-04-20 15:49:55,2025-04-20 15:50:14,IP Address,89.98.163.147,100,19,True,2025-04-20 15:50:15,R_5enEhcargXWdvEd,,,,,52.3672,4.918,anonymous,EN,Ada,55,No,,,,,,,,,
2025-04-20 15:50:21,2025-04-20 15:50:38,IP Address,89.98.163.147,100,17,True,2025-04-20 15:50:38,R_5kMyiMmbIwZX6ty,,,,,52.3672,4.918,anonymous,EN,Ada,56,No,,,,,,,,,
2025-04-20 15:50:39,2025-04-20 15:54:13,IP Address,89.98.163.147,100,213,True,2025-04-20 15:54:14,R_5lyOdeQRqq41xvk,,,,,52.3672,4.918,anonymous,EN,Ada,57,No,,,,,,,,,
2025-04-20 15:54:15,2025-04-20 16:08:24,IP Address,89.98.163.147,100,849,True,2025-04-20 16:08:24,R_85A5HSt3j4Mo7da,,,,,52.3672,4.918,anonymous,EN,Ada,58,No,,,,,,,,,
2025-04-20 16:08:26,2025-04-20 16:08:39,IP Address,89.98.163.147,100,13,True,2025-04-20 16:08:39,R_2JdFJQIIoFT3Rv3,,,,,52.3672,4.918,anonymous,EN,Ada,59,No,,,,,,,,,
2025-04-20 16:08:41,2025-04-20 16:13:05,IP Address,89.98.163.147,100,263,True,2025-04-20 16:13:05,R_2e2fWYYePZSnciZ,,,,,52.3672,4.918,anonymous,EN,Ada,60,No,,,,,,,,,
2025-04-20 16:13:06,2025-04-20 16:13:23,IP Address,89.98.163.147,100,16,True,2025-04-20 16:13:23,R_8flRfRfy2F1GA67,,,,,52.3672,4.918,anonymous,EN,Ada,61,No,,,,,,,,,
2025-04-20 16:13:24,2025-04-20 16:13:51,IP Address,89.98.163.147,100,27,True,2025-04-20 16:13:52,R_8LsaBvLhDZpfR8l,,,,,52.3672,4.918,anonymous,EN,Ada,62,No,,,,,,,,,
2025-04-20 16:13:53,2025-04-20 16:14:21,IP Address,89.98.163.147,100,28,True,2025-04-20 16:14:22,R_8074R4OC19QPIBz,,,,,52.3672,4.918,anonymous,EN,Ada,63,No,,,,,,,,,
2025-04-20 16:14:23,2025-04-20 16:15:06,IP Address,89.98.163.147,100,43,True,2025-04-20 16:15:06,R_82PT0wg52nbG5sR,,,,,52.3672,4.918,anonymous,EN,Ada,64,No,,,,,,,,,
2025-04-20 16:15:08,2025-04-20 16:16:25,IP Address,89.98.163.147,100,77,True,2025-04-20 16:16:25,R_24u4k4bpXUkr2wm,,,,,52.3672,4.918,anonymous,EN,Ada,65,Yes,1,"“Ohr told the FBI it (the Fake Dossier) wasn’t true, it was a lie and the FBI was determined to use it anyway to damage Trump and to perpetrate a fraud on the court to spy on the Trump campaign.",,,,,,,
2025-04-20 16:16:27,2025-04-20 16:17:11,IP Address,89.98.163.147,100,44,True,2025-04-20 16:17:11,R_8PN2LXrl15SumCf,,,,,52.3672,4.918,anonymous,EN,Ada,66,No,,,,,,,,,
2025-04-20 16:17:12,2025-04-20 16:17:38,IP Address,89.98.163.147,100,26,True,2025-04-20 16:17:39,R_28JgcldNiOL36wx,,,,,52.3672,4.918,anonymous,EN,Ada,67,No,,,,,,,,,
2025-04-20 16:17:40,2025-04-20 16:18:37,IP Address,89.98.163.147,100,57,True,2025-04-20 16:18:38,R_8QvkcJiEkuk5lVn,,,,,52.3672,4.918,anonymous,EN,Ada,68,No,,,,,,,,,
2025-04-20 16:21:04,2025-04-20 16:23:50,IP Address,89.98.163.147,100,165,True,2025-04-20 16:23:50,R_2qVQdJMIYpzCa6l,,,,,52.3672,4.918,anonymous,EN,Ada,69,No,,,,,,,,,
2025-04-20 16:23:51,2025-04-20 16:24:17,IP Address,89.98.163.147,100,26,True,2025-04-20 16:24:17,R_8DvYKsEXvNLM1Ap,,,,,52.3672,4.918,anonymous,EN,Ada,70,No,,,,,,,,,
2025-04-20 16:24:20,2025-04-20 16:27:37,IP Address,89.98.163.147,100,196,True,2025-04-20 16:27:37,R_8n1vS81tVcPjzKM,,,,,52.3672,4.918,anonymous,EN,Ada,71,Yes,1,Thank you to Kanye West and the fact that he is willing to tell the TRUTH. One new and great FACT - African American unemployment is the lowest ever recorded in the history of our Country. So honored by this. Thank you Kanye for your support. It is making a big difference!,,,,,,,
2025-04-20 16:27:38,2025-04-20 16:27:56,IP Address,89.98.163.147,100,17,True,2025-04-20 16:27:56,R_8qgwoaOqpyWTnKC,,,,,52.3672,4.918,anonymous,EN,Ada,72,No,,,,,,,,,
2025-04-20 16:27:57,2025-04-20 16:29:27,IP Address,89.98.163.147,100,89,True,2025-04-20 16:29:27,R_80eO8Oj4BBEChV8,,,,,52.3672,4.918,anonymous,EN,Ada,73,No,,,,,,,,,
2025-04-20 16:29:29,2025-04-20 16:31:59,IP Address,89.98.163.147,100,149,True,2025-04-20 16:31:59,R_5AXouV2ucXTEumj,,,,,52.3672,4.918,anonymous,EN,Ada,74,No,,,,,,,,,
2025-04-20 16:32:01,2025-04-20 16:32:16,IP Address,89.98.163.147,100,15,True,2025-04-20 16:32:16,R_8OIij0aOWBjCVEt,,,,,52.3672,4.918,anonymous,EN,Ada,75,No,,,,,,,,,
2025-04-20 16:32:18,2025-04-20 16:32:54,IP Address,89.98.163.147,100,36,True,2025-04-20 16:32:54,R_2SpJDkKLMJWw74j,,,,,52.3672,4.918,anonymous,EN,Ada,76,No,,,,,,,,,
2025-04-20 16:32:56,2025-04-20 16:34:35,IP Address,89.98.163.147,100,99,True,2025-04-20 16:34:36,R_2XxYZJh8zxQl5Gp,,,,,52.3672,4.918,anonymous,EN,Ada,77,Yes,2,"So, the Democrats make up a phony crime, Collusion with the Russians, pay a fortune to make the crime sound real, illegally leak (Comey) classified information so that a Special Councel will be appointed","So, the Democrats make up a phony crime, Collusion with the Russians, pay a fortune to make the crime sound real, illegally leak (Comey) classified information so that a Special Councel will be appointed, and then Collude to make this pile of garbage take on life in Fake News!",,,,,,
2025-04-20 16:34:37,2025-04-20 16:34:55,IP Address,89.98.163.147,100,18,True,2025-04-20 16:34:55,R_28AtfqYq5ZUVWJd,,,,,52.3672,4.918,anonymous,EN,Ada,78,No,,,,,,,,,
2025-04-20 16:34:56,2025-04-20 16:35:09,IP Address,89.98.163.147,100,13,True,2025-04-20 16:35:10,R_2hEWDUpku7xzDao,,,,,52.3672,4.918,anonymous,EN,Ada,79,No,,,,,,,,,
2025-04-20 16:36:40,2025-04-20 16:36:57,IP Address,89.98.163.147,100,16,True,2025-04-20 16:36:58,R_2SusGk1SUKj00tr,,,,,52.3672,4.918,anonymous,EN,Ada,81,No,,,,,,,,,
2025-04-20 16:36:58,2025-04-20 16:37:44,IP Address,89.98.163.147,100,45,True,2025-04-20 16:37:44,R_5f9FhuR5VKCUYK4,,,,,52.3672,4.918,anonymous,EN,Ada,82,No,,,,,,,,,
2025-04-20 16:37:45,2025-04-20 16:38:25,IP Address,89.98.163.147,100,39,True,2025-04-20 16:38:25,R_7PDrzpCGJ5I2Jzj,,,,,52.3672,4.918,anonymous,EN,Ada,83,Yes,1,"..This is a terrible situation and Attorney General Jeff Sessions should stop this Rigged Witch Hunt right now, before it continues to stain our country any further. ",,,,,,,
2025-04-20 16:38:26,2025-04-20 16:40:07,IP Address,89.98.163.147,100,100,True,2025-04-20 16:40:07,R_5sZ5I1MilDCXl7J,,,,,52.3672,4.918,anonymous,EN,Ada,84,Yes,1,The U.S. has pathetically weak and ineffective Immigration Laws that the Democrats refuse to help us fix.,,,,,,,
2025-04-20 16:40:08,2025-04-20 16:40:59,IP Address,89.98.163.147,100,50,True,2025-04-20 16:40:59,R_8ia5lzeGV4IPAXD,,,,,52.3672,4.918,anonymous,EN,Ada,85,Yes,1,"The United States and the European Union have a $1 TRILLION bilateral trade relationship – the largest economic relationship in the world. We want to further strengthen this trade relationship to the benefit of all American and European citizens... ",,,,,,,
2025-04-20 16:41:01,2025-04-20 16:42:18,IP Address,89.98.163.147,100,77,True,2025-04-20 16:42:18,R_2ocd2IjcvKhjAk9,,,,,52.3672,4.918,anonymous,EN,Ada,86,Yes,1,"The Fake News Media wants so badly to see a major confrontation with Russia, even a confrontation that could lead to war. They are pushing so recklessly hard and hate the fact that I’ll probably have a good relationship with Putin. ",,,,,,,
2025-04-20 16:42:20,2025-04-20 16:42:57,IP Address,89.98.163.147,100,36,True,2025-04-20 16:42:57,R_8rYF9CKkzSAGvZi,,,,,52.3672,4.918,anonymous,EN,Ada,87,No,,,,,,,,,
2025-04-20 16:42:58,2025-04-20 16:44:24,IP Address,89.98.163.147,100,85,True,2025-04-20 16:44:24,R_8WPepB15UXAU6Ax,,,,,52.3672,4.918,anonymous,EN,Ada,88,Yes,1,"President Donald J. Trump feels strongly that North Korea is under tremendous pressure from China because of our major trade disputes with the Chinese Government. ",,,,,,,
2025-04-20 16:44:25,2025-04-20 16:44:44,IP Address,89.98.163.147,100,19,True,2025-04-20 16:44:44,R_811Sc6Apl96J8bs,,,,,52.3672,4.918,anonymous,EN,Ada,89,No,,,,,,,,,
2025-04-20 16:44:46,2025-04-20 16:46:12,IP Address,89.98.163.147,100,86,True,2025-04-20 16:46:13,R_8rYrAhbvoCB1mL6,,,,,52.3672,4.918,anonymous,EN,Ada,90,No,,,,,,,,,
2025-04-20 16:46:14,2025-04-20 16:46:25,IP Address,89.98.163.147,100,11,True,2025-04-20 16:46:26,R_2I0psPXMqU6OWRS,,,,,52.3672,4.918,anonymous,EN,Ada,91,No,,,,,,,,,
2025-04-20 16:46:27,2025-04-20 16:46:58,IP Address,89.98.163.147,100,31,True,2025-04-20 16:46:58,R_85ibQ8CrLsNtJAZ,,,,,52.3672,4.918,anonymous,EN,Ada,92,No,,,,,,,,,
2025-04-20 16:47:00,2025-04-20 16:47:35,IP Address,89.98.163.147,100,34,True,2025-04-20 16:47:35,R_22eAYmG3E7dqj6N,,,,,52.3672,4.918,anonymous,EN,Ada,93,No,,,,,,,,,
2025-04-20 16:47:36,2025-04-20 16:48:35,IP Address,89.98.163.147,100,58,True,2025-04-20 16:48:35,R_2LYlcpMquzM4ycL,,,,,52.3672,4.918,anonymous,EN,Ada,94,No,,,,,,,,,
2025-04-20 16:48:36,2025-04-20 16:48:50,IP Address,89.98.163.147,100,14,True,2025-04-20 16:48:50,R_222fJt11BfZhe0N,,,,,52.3672,4.918,anonymous,EN,Ada,95,No,,,,,,,,,
2025-04-20 16:48:52,2025-04-20 16:50:22,IP Address,89.98.163.147,100,90,True,2025-04-20 16:50:23,R_2oT54xJDK1lxTax,,,,,52.3672,4.918,anonymous,EN,Ada,96,Yes,1,"She is trying very hard &, has every right to take down the Democrat Party if she has veered too far left!",,,,,,,
2025-04-20 16:50:24,2025-04-20 16:50:48,IP Address,89.98.163.147,100,23,True,2025-04-20 16:50:48,R_7qmlYWeYmAEMwCB,,,,,52.3672,4.918,anonymous,EN,Ada,97,No,,,,,,,,,
2025-04-20 16:50:49,2025-04-20 16:51:04,IP Address,89.98.163.147,100,14,True,2025-04-20 16:51:04,R_1xm6g4uhYauccDL,,,,,52.3672,4.918,anonymous,EN,Ada,98,No,,,,,,,,,
2025-04-20 16:51:05,2025-04-20 16:51:20,IP Address,89.98.163.147,100,15,True,2025-04-20 16:51:21,R_8Xgs5kTI5JrNeFc,,,,,52.3672,4.918,anonymous,EN,Ada,99,No,,,,,,,,,
2025-04-20 16:51:22,2025-04-20 16:51:37,IP Address,89.98.163.147,100,15,True,2025-04-20 16:51:37,R_84ZtHt7kl2aTDkR,,,,,52.3672,4.918,anonymous,EN,Ada,100,No,,,,,,,,,
2025-04-20 16:51:38,2025-04-20 16:54:01,IP Address,89.98.163.147,100,142,True,2025-04-20 16:54:01,R_8eo3fCRFvLpi6tj,,,,,52.3672,4.918,anonymous,EN,Ada,101,No,,,,,,,,,
2025-04-20 16:54:02,2025-04-20 16:54:15,IP Address,89.98.163.147,100,13,True,2025-04-20 16:54:16,R_8oyGjwHV1wpiZC9,,,,,52.3672,4.918,anonymous,EN,Ada,102,No,,,,,,,,,
2025-04-20 16:54:17,2025-04-20 16:54:50,IP Address,89.98.163.147,100,33,True,2025-04-20 16:54:51,R_8UFOCrUonG3yL4Z,,,,,52.3672,4.918,anonymous,EN,Ada,103,No,,,,,,,,,
2025-04-20 16:54:52,2025-04-20 16:58:07,IP Address,89.98.163.147,100,194,True,2025-04-20 16:58:07,R_8PHeU3ZGUTiMPgB,,,,,52.3672,4.918,anonymous,EN,Ada,104,No,,,,,,,,,
2025-04-20 16:58:08,2025-04-20 16:58:19,IP Address,89.98.163.147,100,11,True,2025-04-20 16:58:20,R_2omRmnN4IlwrOGz,,,,,52.3672,4.918,anonymous,EN,Ada,105,No,,,,,,,,,
2025-04-20 16:58:21,2025-04-20 16:58:36,IP Address,89.98.163.147,100,15,True,2025-04-20 16:58:37,R_8ufRZUSf0jea6Ep,,,,,52.3672,4.918,anonymous,EN,Ada,106,No,,,,,,,,,
2025-04-20 16:58:39,2025-04-20 16:59:00,IP Address,89.98.163.147,100,21,True,2025-04-20 16:59:00,R_8scyY5LeoLOs9Ax,,,,,52.3672,4.918,anonymous,EN,Ada,107,No,,,,,,,,,
2025-04-20 16:59:01,2025-04-20 16:59:12,IP Address,89.98.163.147,100,10,True,2025-04-20 16:59:13,R_8sd1wQfWk9iFwsY,,,,,52.3672,4.918,anonymous,EN,Ada,108,No,,,,,,,,,
2025-04-20 16:59:14,2025-04-20 16:59:34,IP Address,89.98.163.147,100,19,True,2025-04-20 16:59:34,R_8HoVK4Lt0gjQEQc,,,,,52.3672,4.918,anonymous,EN,Ada,109,No,,,,,,,,,
2025-04-20 16:59:36,2025-04-20 17:05:09,IP Address,89.98.163.147,100,333,True,2025-04-20 17:05:09,R_2rJpDzvkHYDdj8a,,,,,52.3672,4.918,anonymous,EN,Ada,110,Yes,1,....Tariffs will make our country much richer than it is today. Only fools would disagree. We are using them to negotiate fair trade deals and,,,,,,,
2025-04-20 17:05:11,2025-04-20 17:05:44,IP Address,89.98.163.147,100,32,True,2025-04-20 17:05:44,R_8hnZqc3NcIuMjW0,,,,,52.3672,4.918,anonymous,EN,Ada,111,No,,,,,,,,,
2025-04-20 17:05:45,2025-04-20 17:06:05,IP Address,89.98.163.147,100,19,True,2025-04-20 17:06:05,R_8gUB6NsMxDsV88F,,,,,52.3672,4.918,anonymous,EN,Ada,112,No,,,,,,,,,
2025-04-20 17:07:15,2025-04-20 17:07:48,IP Address,89.98.163.147,100,33,True,2025-04-20 17:07:48,R_2T83h2dqqy0N7Ed,,,,,52.3672,4.918,anonymous,EN,Ada,114,No,,,,,,,,,
2025-04-20 17:07:50,2025-04-20 17:07:58,IP Address,89.98.163.147,100,8,True,2025-04-20 17:07:59,R_2jkvZbkiQsmCgUL,,,,,52.3672,4.918,anonymous,EN,Ada,115,No,,,,,,,,,
2025-04-20 17:08:01,2025-04-20 17:08:12,IP Address,89.98.163.147,100,11,True,2025-04-20 17:08:13,R_2JqFrUbgHNxgDPK,,,,,52.3672,4.918,anonymous,EN,Ada,116,No,,,,,,,,,
2025-04-20 17:08:14,2025-04-20 17:08:55,IP Address,89.98.163.147,100,41,True,2025-04-20 17:08:56,R_8lgV9crHMJY43WU,,,,,52.3672,4.918,anonymous,EN,Ada,117,No,,,,,,,,,
2025-04-20 17:08:57,2025-04-20 17:09:20,IP Address,89.98.163.147,100,22,True,2025-04-20 17:09:20,R_811p11wYy1mc3O9,,,,,52.3672,4.918,anonymous,EN,Ada,118,No,,,,,,,,,
2025-04-20 17:09:22,2025-04-20 17:09:41,IP Address,89.98.163.147,100,18,True,2025-04-20 17:09:41,R_8fqUjg6PLHc6eoe,,,,,52.3672,4.918,anonymous,EN,Ada,119,No,,,,,,,,,
2025-04-20 17:09:42,2025-04-20 17:09:54,IP Address,89.98.163.147,100,11,True,2025-04-20 17:09:54,R_8Es06bZ7NPZP5nD,,,,,52.3672,4.918,anonymous,EN,Ada,120,No,,,,,,,,,
2025-04-20 17:09:55,2025-04-20 17:10:02,IP Address,89.98.163.147,100,7,True,2025-04-20 17:10:03,R_8niP6PcIygmv9sl,,,,,52.3672,4.918,anonymous,EN,Ada,121,No,,,,,,,,,
2025-04-20 17:10:04,2025-04-20 17:10:22,IP Address,89.98.163.147,100,18,True,2025-04-20 17:10:23,R_8X7xnaMPALtBLvb,,,,,52.3672,4.918,anonymous,EN,Ada,122,No,,,,,,,,,
2025-04-20 17:10:24,2025-04-20 17:11:01,IP Address,89.98.163.147,100,37,True,2025-04-20 17:11:02,R_2fC09XLMqct5nuJ,,,,,52.3672,4.918,anonymous,EN,Ada,123,No,,,,,,,,,
2025-04-20 17:11:03,2025-04-20 17:12:28,IP Address,89.98.163.147,100,85,True,2025-04-20 17:12:28,R_2QCCfiCvHx4Nm5H,,,,,52.3672,4.918,anonymous,EN,Ada,124,No,,,,,,,,,
2025-04-20 17:12:30,2025-04-20 17:13:00,IP Address,89.98.163.147,100,30,True,2025-04-20 17:13:00,R_2N7OcCt9jZV2xwJ,,,,,52.3672,4.918,anonymous,EN,Ada,113,Yes,1,"Many Democrats are deeply concerned about the fact that their “leadership” wants to denounce and abandon the great men and women of ICE, thereby declaring war on Law &, Order.",,,,,,,
2025-04-20 17:13:21,2025-04-20 17:14:35,IP Address,89.98.163.147,100,73,True,2025-04-20 17:14:35,R_23fgHf3grfO4eLn,,,,,52.3672,4.918,anonymous,EN,Ada,125,No,,,,,,,,,
2025-04-20 17:14:37,2025-04-20 17:15:02,IP Address,89.98.163.147,100,24,True,2025-04-20 17:15:02,R_2jUKHIVW8Y6OTaw,,,,,52.3672,4.918,anonymous,EN,Ada,126,No,,,,,,,,,
2025-04-20 17:15:04,2025-04-20 17:15:37,IP Address,89.98.163.147,100,33,True,2025-04-20 17:15:37,R_2c7D0L78JtSHS0h,,,,,52.3672,4.918,anonymous,EN,Ada,127,Yes,1,Separating families at the Border is the fault of bad legislation passed by the Democrats.,,,,,,,
2025-04-20 17:15:39,2025-04-20 17:17:31,IP Address,89.98.163.147,100,112,True,2025-04-20 17:17:31,R_8TAfTtWs7fIKtqy,,,,,52.3672,4.918,anonymous,EN,Ada,128,Yes,1,"Why isn’t the European Union and Canada informing the public that for years they have used massive Trade Tariffs and non-monetary Trade Barriers against the U.S. Totally unfair to our farmers, workers &, companies. ",,,,,,,
2025-04-20 17:17:32,2025-04-20 17:17:43,IP Address,89.98.163.147,100,10,True,2025-04-20 17:17:44,R_8fW4KJzj2mVcdk2,,,,,52.3672,4.918,anonymous,EN,Ada,129,No,,,,,,,,,
2025-04-20 17:17:45,2025-04-20 17:17:53,IP Address,89.98.163.147,100,8,True,2025-04-20 17:17:53,R_2qlGtkSJSqXo660,,,,,52.3672,4.918,anonymous,EN,Ada,130,No,,,,,,,,,
2025-04-20 17:17:54,2025-04-20 17:18:36,IP Address,89.98.163.147,100,41,True,2025-04-20 17:18:36,R_2qL7482fxMQVMiZ,,,,,52.3672,4.918,anonymous,EN,Ada,131,No,,,,,,,,,
2025-04-20 17:18:37,2025-04-20 17:18:57,IP Address,89.98.163.147,100,19,True,2025-04-20 17:18:57,R_22fEhDSUchXT61u,,,,,52.3672,4.918,anonymous,EN,Ada,132,No,,,,,,,,,
2025-04-20 17:18:58,2025-04-20 17:20:04,IP Address,89.98.163.147,100,66,True,2025-04-20 17:20:04,R_2XgpgYpXpcKcKS2,,,,,52.3672,4.918,anonymous,EN,Ada,133,No,,,,,,,,,
2025-04-20 17:20:06,2025-04-20 17:20:22,IP Address,89.98.163.147,100,16,True,2025-04-20 17:20:23,R_7lluGUk4LGYd1f8,,,,,52.3672,4.918,anonymous,EN,Ada,134,No,,,,,,,,,
2025-04-20 17:20:23,2025-04-20 17:20:37,IP Address,89.98.163.147,100,13,True,2025-04-20 17:20:38,R_7od0nLe8rKwfnUt,,,,,52.3672,4.918,anonymous,EN,Ada,135,No,,,,,,,,,
2025-04-20 17:20:39,2025-04-20 17:21:03,IP Address,89.98.163.147,100,24,True,2025-04-20 17:21:04,R_11jdPAWe5kNGlu3,,,,,52.3672,4.918,anonymous,EN,Ada,136,No,,,,,,,,,
2025-04-20 17:21:04,2025-04-20 17:25:06,IP Address,89.98.163.147,100,241,True,2025-04-20 17:25:07,R_7PbzB4KEiNxlce1,,,,,52.3672,4.918,anonymous,EN,Ada,137,Yes,2,"HOUSE REPUBLICANS SHOULD PASS THE STRONG BUT FAIR IMMIGRATION BILL, KNOWN AS GOODLATTE II, IN THEIR AFTERNOON VOTE TODAY...PASSAGE WILL SHOW THAT WE WANT STRONG BORDERS &",EVEN THOUGH THE DEMS WON’T LET IT PASS IN THE SENATE...THE DEMS WANT OPEN BORDERS = CRIME,,,,,,
2025-04-20 17:25:07,2025-04-20 17:25:23,IP Address,89.98.163.147,100,15,True,2025-04-20 17:25:23,R_8dLB7UCz1ssYWK7,,,,,52.3672,4.918,anonymous,EN,Ada,138,No,,,,,,,,,
2025-04-20 17:25:24,2025-04-20 17:26:19,IP Address,89.98.163.147,100,54,True,2025-04-20 17:26:20,R_37Nvo9ExqWLAJyh,,,,,52.3672,4.918,anonymous,EN,Ada,139,Yes,1,"All of the fools that are so focused on looking only at Russia should start also looking in another direction, China. But in the end, if we are smart, tough and well prepared, we will get along with everyone!",,,,,,,
2025-04-20 17:26:20,2025-04-20 17:27:50,IP Address,89.98.163.147,100,89,True,2025-04-20 17:27:50,R_6JX9anrpmGB5mcI,,,,,52.3672,4.918,anonymous,EN,Ada,140,Yes,1," I fought hard for them and ultimately they will not pay tariffs selling into the E.U., which has hurt us badly on trade, down $151 Billion.",,,,,,,
2025-04-20 17:27:52,2025-04-20 17:29:06,IP Address,89.98.163.147,100,74,True,2025-04-20 17:29:06,R_8yz6k5rnlgEqdJ7,,,,,52.3672,4.918,anonymous,EN,Ada,141,Yes,1,"Many good conversations with North Korea-it is going well!...If not for me, we would now be at War with North Korea!",,,,,,,
2025-04-20 17:29:07,2025-04-20 17:30:12,IP Address,89.98.163.147,100,64,True,2025-04-20 17:30:12,R_21ssprCEGtQt6pw,,,,,52.3672,4.918,anonymous,EN,Ada,142,Yes,1,Lou Barletta was one of my first supporters. He is tough on Crime and Borders. Will be a great Senator from Pennsylvania.,,,,,,,
2025-04-20 17:30:13,2025-04-20 17:31:26,IP Address,89.98.163.147,100,72,True,2025-04-20 17:31:26,R_2efW3kTVEbvgzCB,,,,,52.3672,4.918,anonymous,EN,Ada,143,No,,,,,,,,,
2025-04-20 17:31:27,2025-04-20 17:33:03,IP Address,89.98.163.147,100,95,True,2025-04-20 17:33:03,R_7v065tcRzyn0ovj,,,,,52.3672,4.918,anonymous,EN,Ada,144,No,,,,,,,,,
2025-04-20 17:33:04,2025-04-20 17:33:13,IP Address,89.98.163.147,100,9,True,2025-04-20 17:33:14,R_6NEtGKT4YQpqrTR,,,,,52.3672,4.918,anonymous,EN,Ada,145,No,,,,,,,,,
2025-04-20 17:33:15,2025-04-20 17:33:34,IP Address,89.98.163.147,100,18,True,2025-04-20 17:33:34,R_7j8GKalg2OSs6ww,,,,,52.3672,4.918,anonymous,EN,Ada,146,No,,,,,,,,,
2025-04-20 17:33:35,2025-04-20 17:34:13,IP Address,89.98.163.147,100,38,True,2025-04-20 17:34:14,R_7XQ400nzvdctx2p,,,,,52.3672,4.918,anonymous,EN,Ada,147,Yes,1,"The Rigged Russia Witch Hunt did not come into play, even a little bit, with respect to my decision on Don McGahn!",,,,,,,
2025-04-20 17:34:15,2025-04-20 17:34:31,IP Address,89.98.163.147,100,16,True,2025-04-20 17:34:32,R_1D1PR2T46yH13UH,,,,,52.3672,4.918,anonymous,EN,Ada,148,No,,,,,,,,,
2025-04-20 17:34:32,2025-04-20 17:34:47,IP Address,89.98.163.147,100,14,True,2025-04-20 17:34:47,R_7KNGeLXLgGQfGja,,,,,52.3672,4.918,anonymous,EN,Ada,149,No,,,,,,,,,
2025-04-20 17:34:48,2025-04-20 17:35:36,IP Address,89.98.163.147,100,47,True,2025-04-20 17:35:36,R_7pWfVIcAk82KB7B,,,,,52.3672,4.918,anonymous,EN,Ada,150,No,,,,,,,,,
2025-04-21 00:53:31,2025-04-21 00:53:40,IP Address,89.98.163.147,100,8,True,2025-04-21 00:53:41,R_82y6UwsML47hTTf,,,,,52.3672,4.918,anonymous,EN,Ada,80,No,,,,,,,,,
